images,labels
data/images\img_069.jpeg,data/labels\img_069.txt
data/images\img_013.jpeg,data/labels\img_013.txt
data/images\img_111.jpg,data/labels\img_111.txt
data/images\img_125.jpg,data/labels\img_125.txt
data/images\img_028.jpeg,data/labels\img_028.txt
data/images\img_025.jpeg,data/labels\img_025.txt
data/images\img_048.jpeg,data/labels\img_048.txt
data/images\img_110.jpg,data/labels\img_110.txt
data/images\img_124.jpg,data/labels\img_124.txt
data/images\img_016.jpeg,data/labels\img_016.txt
data/images\img_097.jpg,data/labels\img_097.txt
data/images\img_023.jpeg,data/labels\img_023.txt
data/images\img_043.jpeg,data/labels\img_043.txt
data/images\img_063.jpeg,data/labels\img_063.txt
data/images\img_116.jpg,data/labels\img_116.txt
data/images\img_031.jpeg,data/labels\img_031.txt
data/images\img_066.jpeg,data/labels\img_066.txt
data/images\img_096.jpg,data/labels\img_096.txt
data/images\img_010.jpeg,data/labels\img_010.txt
data/images\img_034.jpeg,data/labels\img_034.txt
data/images\img_065.jpeg,data/labels\img_065.txt
data/images\img_026.jpeg,data/labels\img_026.txt
data/images\img_114.jpg,data/labels\img_114.txt
data/images\img_029.jpeg,data/labels\img_029.txt
data/images\img_081.jpeg,data/labels\img_081.txt
data/images\img_090.jpg,data/labels\img_090.txt
data/images\img_006.jpeg,data/labels\img_006.txt
data/images\img_067.jpeg,data/labels\img_067.txt
data/images\img_121.jpg,data/labels\img_121.txt
data/images\img_040.jpeg,data/labels\img_040.txt
data/images\img_050.jpeg,data/labels\img_050.txt
data/images\img_036.jpeg,data/labels\img_036.txt
data/images\img_017.jpeg,data/labels\img_017.txt
data/images\img_070.jpeg,data/labels\img_070.txt
data/images\img_035.jpeg,data/labels\img_035.txt
data/images\img_084.jpeg,data/labels\img_084.txt
data/images\img_008.jpeg,data/labels\img_008.txt
data/images\img_120.jpg,data/labels\img_120.txt
data/images\img_044.jpeg,data/labels\img_044.txt
data/images\img_071.jpeg,data/labels\img_071.txt
data/images\img_102.jpg,data/labels\img_102.txt
data/images\img_122.jpg,data/labels\img_122.txt
data/images\img_009.jpeg,data/labels\img_009.txt
data/images\img_014.jpeg,data/labels\img_014.txt
data/images\img_094.jpg,data/labels\img_094.txt
data/images\img_004.jpeg,data/labels\img_004.txt
data/images\img_018.jpeg,data/labels\img_018.txt
data/images\img_039.jpeg,data/labels\img_039.txt
data/images\img_073.jpeg,data/labels\img_073.txt
data/images\img_099.jpg,data/labels\img_099.txt
data/images\img_007.jpeg,data/labels\img_007.txt
data/images\img_082.jpeg,data/labels\img_082.txt
data/images\img_109.jpg,data/labels\img_109.txt
data/images\img_101.jpg,data/labels\img_101.txt
data/images\img_055.jpeg,data/labels\img_055.txt
data/images\img_051.jpeg,data/labels\img_051.txt
data/images\img_085.jpeg,data/labels\img_085.txt
data/images\img_047.jpeg,data/labels\img_047.txt
data/images\img_086.jpg,data/labels\img_086.txt
data/images\img_062.jpeg,data/labels\img_062.txt
data/images\img_123.jpg,data/labels\img_123.txt
data/images\img_080.jpeg,data/labels\img_080.txt
data/images\img_112.jpg,data/labels\img_112.txt
data/images\img_042.jpeg,data/labels\img_042.txt
data/images\img_059.jpeg,data/labels\img_059.txt
data/images\img_091.jpg,data/labels\img_091.txt
data/images\img_049.jpeg,data/labels\img_049.txt
data/images\img_089.jpg,data/labels\img_089.txt
data/images\img_108.jpg,data/labels\img_108.txt
data/images\img_058.jpeg,data/labels\img_058.txt
data/images\img_076.jpeg,data/labels\img_076.txt
data/images\img_033.jpeg,data/labels\img_033.txt
data/images\img_119.jpg,data/labels\img_119.txt
data/images\img_060.jpeg,data/labels\img_060.txt
data/images\img_064.jpeg,data/labels\img_064.txt
data/images\img_106.jpg,data/labels\img_106.txt
data/images\img_038.jpeg,data/labels\img_038.txt
data/images\img_030.jpeg,data/labels\img_030.txt
data/images\img_113.jpg,data/labels\img_113.txt
data/images\img_002.jpeg,data/labels\img_002.txt
data/images\img_053.jpeg,data/labels\img_053.txt
data/images\img_022.jpeg,data/labels\img_022.txt
data/images\img_003.jpeg,data/labels\img_003.txt
data/images\img_024.jpeg,data/labels\img_024.txt
data/images\img_104.jpg,data/labels\img_104.txt
data/images\img_100.jpg,data/labels\img_100.txt
data/images\img_088.jpg,data/labels\img_088.txt
data/images\img_115.jpg,data/labels\img_115.txt
data/images\img_075.jpeg,data/labels\img_075.txt
data/images\img_087.jpg,data/labels\img_087.txt
data/images\img_083.jpeg,data/labels\img_083.txt
data/images\img_126.jpg,data/labels\img_126.txt
data/images\img_021.jpeg,data/labels\img_021.txt
data/images\img_061.jpeg,data/labels\img_061.txt
data/images\img_072.jpeg,data/labels\img_072.txt
data/images\img_107.jpg,data/labels\img_107.txt
data/images\img_015.jpeg,data/labels\img_015.txt
data/images\img_093.jpg,data/labels\img_093.txt
data/images\img_052.jpeg,data/labels\img_052.txt
data/images\img_103.jpg,data/labels\img_103.txt
